CODE,LISTED.NAME,BOARD.LOT
1,CKH HOLDINGS,500
2,CLP HOLDINGS,500
3,HK & CHINA GAS,1000
4,WHARF HOLDINGS,1000
5,HSBC HOLDINGS,400
6,POWER ASSETS,500
7,HOIFU ENERGY,2000
8,PCCW,1000
9,NINE EXPRESS,6000
10,HANG LUNG GROUP,1000
11,HANG SENG BANK,100
12,HENDERSON LAND,1000
14,HYSAN DEV,1000
15,VANTAGE INT'L,2000
16,SHK PPT,1000
17,NEW WORLD DEV,1000
18,ORIENTAL PRESS,2000
19,SWIRE PACIFIC A,500
20,WHEELOCK,1000
21,GREAT CHI PPT,5000
22,MEXAN,40000
23,BANK OF E ASIA,200
24,BURWILL,2000
25,CHEVALIER INT'L,2000
26,CHINA MOTOR BUS,200
27,GALAXY ENT,1000
28,TIAN AN,1000
29,DYNAMIC HOLD,2000
30,BAN LOONG HOLD,2000
31,CHINA AEROSPACE,2000
32,CROSS-HAR(HOLD),1000
33,HARMONIC STR,2000
34,KOWLOON DEV,1000
35,FE CONSORT INTL,1000
36,FE HLDGS INTL,3000
37,FE HOTELS,2000
38,FIRST TRACTOR,2000
39,CH BEIDAHUANG,8000
40,GOLD PEAK,1000
41,GREAT EAGLE H,1000
42,NE ELECTRIC,2000
43,C.P. POKPHAND,2000
44,HAECO,400
45,HK&S HOTELS,500
46,COMPUTER & TECH,2000
47,HOP HING GROUP,4000
48,C AUTO INT DECO,10000
50,HK FERRY (HOLD),1000
51,HARBOUR CENTRE,1000
52,FAIRWOOD HOLD,500
53,GUOCO GROUP,1000
54,HOPEWELL HOLD,500
55,NEWAY GROUP,10000
56,ALLIED PPT (HK),2000
57,CHEN HSONG HOLD,2000
58,SUNWAY INT'L,20000
59,SKYFAME REALTY,2000
60,HK FOOD INV,2000
61,NORTH ASIA RES,5000
62,TRANSPORT INT'L,400
63,WINFOONG INT'L,1000
64,GET NICE,2000
65,GRAND OCEAN AR,4000
66,MTR CORPORATION,500
67,LUMENA NEWMAT,2000
68,LEE HING,1000
69,SHANGRI-LA ASIA,2000
70,NEPTUNE GP-NEW,10000
71,MIRAMAR HOTEL,1000
72,MODERN MEDIA,2000
73,ASIAN CITRUS,1000
75,Y.T. REALTY,2000
76,SOUTH SEA PETRO,4000
77,AMS TRANSPORT,2000
78,REGAL INT'L,2000
79,CENTURY LEGEND,4000
81,CH OVS G OCEANS,1000
82,V1 GROUP,2000
83,SINO LAND,2000
84,STELUX HOLDINGS,1000
85,CHINA ELECTRON,2000
86,SUN HUNG KAI CO,1000
87,SWIRE PACIFIC B,2500
88,TAI CHEUNG HOLD,1000
89,TAI SANG LAND,1000
90,AMBER ENERGY,2000
91,INT'L STD RES,50000
92,CHAMPION TECH,2000
93,TERMBRAY IND,2000
94,GREENHEART GP,2000
95,LVGEM CHINA,4000
96,YUSEI,2000
97,HENDERSON INV,1000
98,XINGFA ALUM,1000
99,WONG'S INT'L,1000
100,CLEAR MEDIA,1000
101,HANG LUNG PPT,1000
102,SUMMIT ASCENT,2000
103,SHOUGANG CENT,2000
104,ASIA COMM HOLD,5000
105,ASSO INT HOTELS,2000
106,LANDSEA PPT,4000
107,SICHUAN EXPRESS,2000
108,GR PROPERTIES,2000
109,GOODRESOURCES,10000
110,CHINA FORTUNE,2000
111,CINDA INTL HLDG,2000
112,LT COMM REALEST,2000
113,DICKSON CONCEPT,500
114,HERALD HOLD,5000
115,GRAND FIELD GP,10000
116,CHOW SANG SANG,1000
117,EYANG HOLDINGS,2000
118,COSMOS MACH,2000
119,POLY PROPERTY,1000
120,COSMOPOL INT'L,20000
121,C.P. LOTUS,10000
122,CROCODILE,1000
123,YUEXIU PROPERTY,2000
124,GD LAND,2000
125,SUN HING VISION,2000
126,CARRIANNA,2000
127,CHINESE EST H,500
128,ENM HOLDINGS,4000
129,ASIA STANDARD,2000
130,MOISELLE INT'L,2000
131,CHEUK NANG HOLD,1000
132,CHINA INV HOLD,1000
135,KUNLUN ENERGY,2000
136,HENGTEN NET,4000
137,JINHUI HOLDINGS,1000
138,CCT FORTIS,2000
139,CH SOFT POWER,14000
141,GREAT CHINA,2000
142,FIRST PACIFIC,2000
143,GLOBAL TECH,2000
144,CHINA MER HOLD,2000
145,HK BLDG & LOAN,8000
146,TAI PING CARPET,1000
147,CHAOYUE GROUP,5000
148,KINGBOARD CHEM,500
149,CH AGRI-PROD EX,5000
151,WANT WANT CHINA,1000
152,SHENZHEN INT'L,500
153,CHINA SAITE,2000
154,BEIJING DEV(HK),1000
155,CHINA SOLAR,10000
156,LIPPO CHINA RES,10000
157,NATURAL BEAUTY,10000
158,MELBOURNE ENT,500
159,BROCKMAN MINING,4000
160,HON KWOK LAND,2000
161,AVIC IHL,2000
162,CENTURY GINWA,2000
163,EMPEROR INT'L,2000
164,CHINA BAOLI TEC,25000
165,CHINA EB LTD,2000
166,NEWTIMES ENERGY,2000
167,IDT INT'L,2000
168,TSINGTAO BREW,2000
169,WANDA HOTEL DEV,1000
171,SILVER GRANT,2000
172,GOLDBOND GROUP,10000
173,K. WAH INT'L,1000
174,GEMINI INV,2000
175,GEELY AUTO,5000
176,UNITED PACIFIC,2000
177,JIANGSU EXPRESS,2000
178,SA SA INT'L,2000
179,JOHNSON ELEC H,500
180,KADER HOLDINGS,2000
181,FUJIAN HOLDINGS,20000
182,CONCORD NE,10000
183,WINFULL GP,8000
184,KECK SENG INV,2000
185,ZH INT'L HOLD,10000
186,GRANDE HOLDINGS,30000
187,JINGCHENG MAC,2000
188,SUNWAH KINGSWAY,10000
189,DONGYUE GROUP,1000
190,HKC (HOLDINGS),1000
191,LAI SUN INT'L,5000
193,CAPITAL ESTATE,15000
194,LIU CHONG HING,2000
195,L'SEA RESOURCES,10000
196,HONGHUA GROUP,1000
197,HENG TAI,5000
198,SMI HOLDINGS,4000
199,ITC PROPERTIES,1000
200,MELCO INT'L DEV,1000
201,MAGNIFICENT,2000
202,EVERCHINA INT'L,5000
205,SEEC MEDIA,20000
206,TSC GROUP,1000
207,JOY CITY PPT,2000
208,POLYTEC ASSET,5000
209,WINSHINE SCI,4000
210,DAPHNE INT'L,2000
211,STYLAND HOLD,10000
212,NANYANG HOLD,500
213,NATIONAL ELEC H,2000
214,ASIA ORIENT,2000
215,HUTCHTEL HK,2000
216,CHINNEY INV,4000
217,CHINA CHENGTONG,2000
218,SHENWANHONGYUAN,5000
219,SHUN HO TECH,2000
220,U-PRESID CHINA,1000
221,EASY ONE FIN,20000
222,MIN XIN HOLD,2000
223,SRGL,2000
224,PIONEER GLOBAL,4000
225,POKFULAM,2000
226,LIPPO,1000
227,FIRST SHANGHAI,8000
228,CHINA ENERGY,2000
229,RAYMOND IND,1000
230,MINMETALS LAND,2000
231,PING AN SEC GP,20000
232,AVIC INT'L,2000
233,MY MEDICARE,10000
234,NEW CENTURY GP,8000
235,CHINA STRATEGIC,5000
236,SAN MIGUEL HK,2000
237,SAFETY GODOWN,2000
238,EVERGREEN INT,1000
239,PAK FAH YEOW,2500
240,BUILD KING HOLD,10000
241,ALI HEALTH,2000
242,SHUN TAK HOLD,2000
243,QPL INT'L,9000
244,SINCERE,1000
245,CN MINSHENG FIN,10000
246,REALGOLD MINING,500
247,TST PROPERTIES,2000
248,HKC INT'L HOLD,4000
250,SINO-I TECH,10000
251,SEA HOLDINGS,2000
252,SE ASIA PPT,2000
253,SHUN HO RES,2000
254,NUR HOLDINGS,10000
255,LUNG KEE,2000
256,CITYCHAMP,2000
257,CHINA EB INT'L,1000
258,TOMSON GROUP,2000
259,YEEBO (INT'L H),2000
260,AVIC JOY HLDG,10000
261,CCT LAND,80000
262,DESON DEV INT'L,5000
263,GT GROUP HLDG,4000
264,CHANCO INT'L,4000
265,ORIENT VICTORY,10000
266,TIAN TECK LAND,2000
267,CITIC,1000
268,KINGDEE INT'L,2000
269,CRTG,5000
270,GUANGDONG INV,2000
271,DAN FORM HOLD,1000
272,SHUI ON LAND,500
273,MASON FIN,20000
274,C BILLION RES,40000
275,HANNY HOLDINGS,10000
276,MONGOLIA ENERGY,3000
277,TERN PROPERTIES,2000
278,WAH HA REALTY,2000
279,FREEMAN FIN,20000
280,KING FOOK HOLD,2000
281,RIVERA (HOLD),2000
282,NEXT DIGITAL,2000
283,GOLDIN PPT,2000
285,BYD ELECTRONIC,500
286,CS HEALTH,2000
287,WINFAIR INV,2000
288,WH GROUP,500
289,WING ON CO,1000
290,C FORTUNE FIN,2000
291,CHINA RES BEER,2000
292,ASIA STD HOTEL,10000
293,CATHAY PAC AIR,1000
294,YANGTZEKIANG,1000
295,KONG SUN HOLD,25000
296,EMPEROR E HOTEL,5000
297,SINOFERT,2000
298,CHUANG'S CHINA,10000
299,NEW SPORTS,10000
300,KUNMING MACHINE,2000
303,VTECH HOLDINGS,100
305,WULING MOTORS,10000
306,KWOON CHUNG BUS,2000
307,UP ENERGY DEV,2000
308,CHINA TRAVEL HK,2000
309,XH NEWS MEDIA,1000
311,LUEN THAI,1000
312,SHIRBLE STORE,2000
313,RICHLY FIELD,50000
315,SMARTONE TELE,500
316,OOIL,500
317,COMEC,2000
318,VONGROUP,5000
319,CHINA METAL,2000
320,COMPUTIME,2000
321,TEXWINCA HOLD,2000
322,TINGYI,2000
323,MAANSHAN IRON,2000
326,CHINA STAR ENT,10000
327,PAX GLOBAL,1000
328,ALCO HOLDINGS,2000
329,DRAGONITE INT'L,4000
330,ESPRIT HOLDINGS,100
331,FSE ENGINEERING,1000
332,YUANHENG GAS,4000
333,TOP FORM INT'L,2000
334,TCL DISPLAY,8000
335,UPBEST GROUP,2000
336,HUABAO INTL,1000
337,GREENLAND HK,1000
338,SHANGHAI PECHEM,2000
340,CHINA MINING,2000
341,CAFE DE CORAL H,2000
342,NEWOCEAN ENERGY,2000
343,CULTURECOM HOLD,5000
345,VITASOY INT'L,2000
346,YANCHANG PETRO,10000
347,ANGANG STEEL,2000
348,HAIERHEALTHWISE,2000
351,ASIA ENERGY LOG,10000
352,FORTUNE SUN,2000
353,ENERGY INTINV,20000
354,CHINASOFT INT'L,2000
355,CENTURY C INT'L,4000
357,HNA INFRA,1000
358,JIANGXI COPPER,1000
359,HAISHENG JUICE,4000
360,NEW FOCUS AUTO,4000
361,SINO GOLF HOLD,20000
362,C ZENITH CHEM,10000
363,SHANGHAI IND H,1000
364,PING SHAN TEA,4000
365,SUN EAST TECH,2000
366,LUKS GROUP (VN),2000
367,CHUANG'S INT'L,4000
368,SINOTRANS SHIP,500
369,WING TAI PPT,2000
370,CHINA BEST,20000
371,BJ ENT WATER,2000
372,ITC CORPORATION,2000
373,ALLIED GROUP,2000
374,FOUR SEAS MER,2000
375,YGM TRADING,1000
376,REORIENT GROUP,2000
377,HUAJUN HOLD,4000
378,FDG KINETIC,2000
379,EG LEASING,10000
380,SOFTPOWER INT,4000
381,KIU HUNG INT'L,10000
382,WELLING HOLDING,2000
383,CHINA MED&HCARE,10000
384,CHINA GAS HOLD,2000
385,CHINNEY ALLI,10000
386,SINOPEC CORP,2000
387,LEEPORT(HOLD),4000
388,HKEX,100
389,TONTINE WINES,2000
390,CHINA RAILWAY,1000
391,MEI AH ENTER,20000
392,BEIJING ENT,500
393,GLORIOUS SUN,4000
395,SMARTAC GP CH,8000
396,HING LEE (HK),2000
397,JUN YANG FIN,10000
398,ORIENTAL WATCH,2000
399,INNOVATIVE PHAR,5000
400,COGOBUY,1000
401,WANJIA GROUP,5000
402,PEACEMAP HOLD,20000
403,STARLITE HOLD,2000
404,HSIN CHONG GP,2000
406,YAU LEE HOLD,2000
408,YIP'S CHEMICAL,2000
410,SOHO CHINA,500
411,LAM SOON (HK),1000
412,CHINA INNO FIN,6000
413,SC HOLDINGS,8000
416,BANKOFJINZHOU,1000
417,TSE SUI LUEN,2000
418,FOUNDER HOLD,2000
419,HUAYI TENCENT,10000
420,FOUNTAIN SET,2000
422,VMEP HOLDINGS,1000
423,HKET HOLDINGS,2000
425,MINTH GROUP,2000
426,ONE MEDIA GROUP,2000
430,ORIENTAL EXPL,2000
431,G CHINA FIN,4000
432,PCPD,1000
433,NORTH MINING,10000
434,BOYAA,1000
438,IRICO NEWENERGY,2000
439,KUANGCHI,1000
440,DAH SING,400
442,KTL INT'L,1000
444,SINCEREWATCH HK,10000
445,CHINA FIRE,5000
449,CHIGO HOLDING,2000
450,HUNG HING PRINT,2000
451,GCL NEWENERGY,2000
455,TIANDA PHARMA,2000
456,NEW CITY DEV,20000
458,TRISTATE HOLD,1000
459,MIDLAND IC&I,10000
460,SIHUAN PHARM,1000
462,NATURAL DAIRY,4000
464,KENFORD GROUP,4000
465,FUTONG TECH,2000
467,UNITEDENERGY GP,2000
468,GAPACK,1000
469,CAPXON INT'L,4000
471,CMMB VISION,4000
472,NEW SILKROAD,10000
474,HAO TIAN DEV,6000
475,ZHONG FA ZHAN,2000
476,CH DYNAMICS,10000
477,AUPU GROUP HLDG,4000
479,CIL HOLDINGS,20000
480,HKR INT'L,800
482,SANDMARTIN INTL,2000
483,BAUHAUS INT'L,2000
484,FORGAME,100
485,SHIHUA DEV,20000
486,RUSAL,1000
487,SUCCESSUNIVERSE,4000
488,LAI SUN DEV,15000
489,DONGFENG GROUP,2000
491,SEE CORPORATION,20000
493,GOME,1000
494,LI & FUNG,2000
495,PALADIN,5000
496,KASEN,1000
497,CSI PROPERTIES,10000
498,PYI CORP,2000
499,QINGDAO HLDGS,2000
500,FRONTIER SER,1000
503,LANSEN PHARMA,1000
505,XINGYE COPPER,1000
506,CHINA FOODS,2000
508,DINGYI GP INV,5000
509,SUNSHINE,5000
510,CASH FIN SER GP,6000
511,TVB,100
512,CHINAGRANDPHARM,4000
513,CONTINENTAL H,10000
515,TC ORI LIGHT,2000
517,COSCO INTL HOLD,2000
518,TUNGTEX (HOLD),2000
519,APPLIED DEV,5000
520,XIABUXIABU,500
521,HNA INT'L INV,10000
522,ASM PACIFIC,100
524,E-KONG GROUP,10000
525,GUANGSHEN RAIL,2000
526,LISI GP HOLD,2000
527,RUIFENG RENEW,4000
528,KINGDOM HOLDING,2000
529,SIS INT'L,2000
530,GOLDIN FIN HOLD,2000
531,SAMSON HOLDING,1000
532,WKK INTL (HOLD),2000
533,GOLDLION HOLD,1000
535,GEMDALE PPT,2000
536,TRADELINK,2000
538,AJISEN (CHINA),1000
539,VICTORY CITY,2000
540,SPEEDY GLOBAL,4000
542,CENERIC,8000
543,PACIFIC ONLINE,1000
544,DAIDO GROUP,20000
546,FUFENG GROUP,1000
547,DIGITAL DOMAIN,10000
548,SHENZHENEXPRESS,2000
549,QIFENG FIBER,2000
550,CINMEDIA,2000
551,YUE YUEN IND,500
552,CHINACOMSERVICE,2000
553,NANJING PANDA,2000
554,HANS ENERGY,2000
555,REXLOT HOLDINGS,25000
556,PAN ASIA ENVIRO,2000
557,CITY E-SOLUTION,2000
558,LK TECH,2500
559,DETAI NEWENERGY,10000
560,CHU KONG SHIP,2000
563,SH IND URBAN,2000
564,ZMJ,200
565,ART TEXTILE,5000
566,HANERGY TFP,2000
567,DAISHOMICROLINE,2000
568,SHANDONG MOLONG,400
569,CH AUTOMATION,1000
570,TRAD CHI MED,2000
571,ESUN HOLDINGS,2000
572,CENT WEALTH FIN,4000
573,TAO HEUNG HLDGS,1000
574,PASHUN PHARMA,2000
575,REGENT PACIFIC,10000
576,ZHEJIANGEXPRESS,2000
577,THE 13 HOLDINGS,500
578,ROSAN RES,10000
579,JNCEC,2000
580,SUN.KING ELEC,2000
581,CHINA ORIENTAL,2000
582,LANDING INTL,5000
583,ARMADA HLDGS,2000
585,IMAGI INT'L-NEW,8000
586,CONCH VENTURE,500
587,HUA HAN HEALTH,4000
588,BEIJING N STAR,2000
589,PORTICO INT'L,500
590,LUK FOOK HOLD,1000
591,C HIGHPRECISION,1000
592,BOSSINI INT'L,2000
593,SKYOCEAN INTL,500
595,AV CONCEPT HOLD,2000
596,INSPUR INT'L,2000
598,SINOTRANS,1000
599,E. BON HOLDINGS,4000
600,CHINA INFRA INV,2000
601,GROUP SENSE,10000
602,JIAHUA STORES H,2500
603,CHINA OIL & GAS,20000
604,SHENZHEN INVEST,2000
605,C FIN SERVICES,2000
606,CHINA AGRI,1000
607,FULLSHARE,2500
608,HIGH FASHION,2000
609,TIANDE CHEMICAL,4000
610,WAI KEE HOLD,2000
611,CNE TECH CORP,2000
613,YUGANG INT'L,2000
616,EMINENCE ENT,5000
617,PALIBURG HOLD,2000
618,PKU RESOURCES,2000
619,SOUTH CHINA FIN,50000
620,DTXS SILK ROAD,2000
621,TAUNG GOLD,10000
622,ENERCHINA HOLD,3000
623,SINOMEDIA,1000
626,PUBLIC FIN HOLD,2000
627,U-RIGHT INT'L,20000
628,SINO CREDIT,2000
629,YUE DA MINING,1000
630,AMCO UNITED,10000
631,SANY INT'L,1000
632,PEARLORIENT OIL,1000
633,CH ALL ACCESS,2000
635,PLAYMATES,2000
636,KERRY LOG NET,500
637,LEE KEE,2000
638,KIN YAT HOLD,2000
639,SHOUGANG RES,2000
640,INFINITY DEV,4000
641,CHTC FONG'S,2000
642,PALADIN PREF,10000
643,CARRY WEALTH,10000
645,ARES ASIA,2000
646,CHINA ENV TEC,8000
647,JOYCE BOUTIQUE,2000
648,WAH YAN HEALTH,2500
650,SHUN CHEONG,10000
651,CHI OCEAN IND,5000
653,BONJOUR HOLD,2000
655,HK CHINESE LTD,2000
656,FOSUN INTL,500
657,G-VISION INT'L,2000
658,C TRANSMISSION,1000
659,NWS HOLDINGS,1000
660,WAI CHUN MINING,10000
661,CDAYENONFER,2000
662,ASIA FINANCIAL,2000
663,KING STONE ENGY,1000
665,HAITONG INT'L,2000
668,DOYEN INTL HOLD,2000
669,TECHTRONIC IND,500
670,CHINA EAST AIR,2000
672,ZHONGAN REALEST,1000
673,CHINA HEALTH,3000
674,CULTURELANDMARK,4000
675,K & P INT'L,2000
676,PEGASUS INT'L,2000
677,GOLDEN RES DEV,2000
678,GENTING HK,1000
679,ASIA TELE-NET,10000
680,NAN HAI CORP,50000
681,CHI PEOPLE HOLD,2000
682,CHAODA MODERN,2000
683,KERRY PPT,500
684,ALLAN INT'L,2000
685,MEDIA CHINESE,1000
686,UNITED PV,2000
687,TYSAN HOLDINGS,2000
688,CHINA OVERSEAS,2000
689,EPI (HOLDINGS),15000
690,UNI-BIO GROUP,20000
691,SHANSHUI CEMENT,1000
692,CHINA HOUSEHOLD,5000
693,TAN CHONG INT'L,3000
694,BEIJING AIRPORT,2000
695,DONGWU CEMENT,2000
696,TRAVELSKY TECH,1000
697,SHOUGANG INT'L,2000
698,TONGDA GROUP,10000
699,CAR INC,1000
700,TENCENT,100
701,CNT GROUP,2000
702,SINO OIL & GAS,5000
703,FUTURE BRIGHT,6000
704,HUSCOKE RES,10000
705,DINGHE MINING,12000
706,BEAUTI C HOLD,10000
707,CO-PROSPERITY,2000
708,EVERG HEALTH,5000
709,GIORDANO INT'L,2000
710,VARITRONIX INTL,1000
711,CHINA CITY CONS,2000
712,COMTEC SOLAR,2000
713,WORLD HOUSEWARE,2000
715,CHINA OCEANWIDE,2000
716,SINGAMAS CONT,2000
717,EMPEROR CAPITAL,6000
718,BESTWAY INT'L,5000
719,SHANDONG XINHUA,2000
720,AUTO ITALIA,25000
722,UMP,2000
723,SUSTAIN FOREST,60000
724,SINO-TECH INT'L,10000
725,PERENNIAL INT'L,2000
726,CM DRAWIN TECH,20000
727,CROWNICORP,10000
728,CHINA TELECOM,2000
729,FDG EVEHICLES,5000
730,SHOUGANG GRAND,1000
731,SAMSON PAPER,2000
732,TRULY INT'L,2000
733,HOPEFLUENT,2000
735,C P NEW ENERGY,500
736,CHINA PPT INV,3000
737,HOPEWELL INFR,500
738,LE SAUNDA,2000
743,ASIA CEMENT CH,500
745,CN CULTURE GP,10000
746,L & M CHEMICAL,2000
747,SHENYANG PUBLIC,2000
750,SINGYES SOLAR,1000
751,SKYWORTHDIGITAL,2000
752,PICO FAR EAST,2000
753,AIR CHINA,2000
754,HOPSON DEV HOLD,2000
755,SHANGHAI ZENDAI,5000
756,TIANYI SUMMI,4000
757,SOLARGIGA,1000
758,JUNEFIELD GROUP,2000
759,CEC INT'L HOLD,2000
760,TALENT PPT GP,15000
761,BEL GLOBAL RES,2000
762,CHINA UNICOM,2000
763,ZTE,200
764,ETERNITY INV,10000
765,PERFECTECH INTL,2000
766,SINO PROSPER GP,5000
767,PACIFIC PLYWOOD,40000
769,CHINA RAREEARTH,2000
771,AUTOMATED SYS,2000
775,CKLIFE SCIENCES,2000
776,JF FURNISHINGS,1000
777,NETDRAGON,500
787,GLOBAL BRANDS,2000
789,ARTINI,20000
794,COME SURE GROUP,2000
798,OVU,4000
799,IGG,1000
800,A8 NEW MEDIA,2000
801,GOLDEN MEDITECH,4000
802,RCG,10000
803,PROSPERITY INTL,20000
805,GLENCORE-S,100
806,VALUE PARTNERS,1000
809,GLOBAL BIO-CHEM,2000
811,XINHUA WINSHARE,1000
812,SWSI,2000
813,SHIMAO PROPERTY,500
814,JINGKELONG,1000
815,CHI SILVER GP,2000
816,HUADIAN FUXIN,2000
817,CHINA JINMAO,2000
818,HI SUN TECH,3000
819,TIANNENG POWER,2000
821,VC HOLDINGS,4000
822,KA SHUI INT'L,2000
825,NWDS CHINA,1000
826,TIANGONG INT'L,2000
827,KO YO GROUP,4000
828,DYNASTY WINES,2000
829,SHENGUAN HLDGS,2000
830,FAR EAST GLOBAL,2000
831,CR ASIA,2000
832,CENTRAL CHINA,1000
833,ALLTRONICS,1000
834,KANGDA FOOD,4000
835,ASIA COAL,10000
836,CHINA RES POWER,2000
837,CARPENTER TAN,2000
838,EVA HOLDINGS,2000
839,TIANDA OIL PIPE,1000
840,TIANYE WATER,2000
841,CASSAVA RES,2000
842,LEOCH INT'L,1000
844,GRAND CONCORD,4000
845,GLORIOUS PPT H,1000
846,MINGFA GROUP,1000
847,KAZ MINERALS-S,30
848,MAOYE INT'L,1000
850,PETROASIAN,4000
851,SHENG YUAN HLDG,10000
852,STRONG PETRO,2000
853,MICROPORT,1000
854,WILLAS-ARRAY,1000
855,CHINA WATER,2000
856,VST HOLDINGS,2000
857,PETROCHINA,2000
858,EXTRAWELL PHAR,10000
859,HENRY GROUP,2000
860,O LUXE HOLD,12000
861,DC HOLDINGS,1000
862,VISION VALUES,20000
863,BRANDINGCHINA,2000
864,WING LEE PPT,4000
865,FIRST MOBILE,4000
866,CHINA QINFA,2000
867,CMS,1000
868,XINYI GLASS,2000
869,PLAYMATES TOYS,4000
871,CH DREDG ENV,1000
872,TUS INTL,2000
873,C TAIFENG BED,2000
874,BAIYUNSHAN PH,2000
875,CHINA FIN INV,20000
876,MEGA MEDICAL,10000
877,O-NET TECH GP,1000
878,SOUNDWILL HOLD,500
880,SJM HOLDINGS,1000
881,ZHONGSHENG HLDG,500
882,TIANJIN DEV,2000
883,CNOOC,1000
884,CIFI HOLD GP,2000
885,RENTIAN TECH,10000
886,SILVER BASE,1000
887,EMPEROR WATCH&J,10000
888,ROADSHOW,2000
889,DATRONIX HOLD,2000
891,TRINITY,2000
893,CHINAVTM MINING,1000
894,MAN YUE TECH,2000
895,DONGJIANG ENV,200
896,HANISON,2000
897,WAI YUEN TONG,5000
898,MULTIFIELD INTL,2000
899,ASIA RESOURCES,10000
900,AEON CREDIT,2000
902,HUANENG POWER,2000
903,TPV TECHNOLOGY,2000
904,CHINA GREEN,4000
906,COFCO PACKAGING,1000
907,ELEGANCEOPTICAL,2000
908,ZHUHAI H INV,2000
909,ZHONGDA INT'L,2000
910,CHINA SANDI,12000
911,HANGFAT GINSENG,10000
912,SUGA INT'L,2000
914,ANHUI CONCH,500
915,DAOHE GLOBAL,10000
916,CHINA LONGYUAN,1000
917,NEW WORLD CHINA,2000
918,TAKSON HOLDINGS,2000
919,MODERN BEAUTY,4000
921,HISENSE KELON,1000
922,ANXIANYUAN CH,20000
923,IWS,2000
925,BJ PROPERTIES,2000
926,BESUNYEN,1000
927,FUJIKON IND,2000
928,TACK FIORI,4000
929,IPE GROUP,5000
930,CHINA FORESTRY,2000
931,CHINA LNG,20000
932,RM GROUP,4000
933,BRIGHTOIL,1000
934,SINOPEC KANTONS,2000
935,DRAGON CROWN,2000
936,EAGLE LEGEND,10000
938,MAN SANG INT'L,2000
939,CCB,1000
940,C ANIMAL HEALTH,1000
941,CHINA MOBILE,500
943,EFORCE HOLDINGS,8000
945,MANULIFE-S,100
947,MOBI DEV,1000
948,Z-OBEE,2000
950,LEE'S PHARM,500
951,CHAOWEI POWER,1000
952,QUAM,10000
953,MEIKE INT'L,2000
954,CHANGMAO BIO,4000
956,CHINA SUNTIEN,1000
958,HN RENEWABLES,2000
959,AMAX INT HOLD,2000
960,LONGFOR PPT,500
963,BLOOMAGE BIOTEC,2500
966,CHINA TAIPING,200
967,SOUND GLOBAL,1000
968,XINYI SOLAR,2000
969,HUA LIEN INT'L,2000
970,SPARKLE ROLL,8000
973,L'OCCITANE,250
974,SKL,1000
975,MONGOL MINING,500
976,CHIHO-TIANDE,2000
978,CHI MER LAND,2000
979,GREEN ENERGY GP,2000
980,LIANHUA,1000
981,SMIC,1000
982,IONE HOLDINGS,20000
983,SOCAM DEV,2000
984,AEON STORES,500
985,NETMIND FIN,8000
986,CH ENV ENERGY,20000
987,CH RENEW EN INV,2000
988,LOUDONG GN RES,3000
989,GROUND PPT,5000
990,THEME INT'L,10000
991,DATANG POWER,2000
992,LENOVO GROUP,2000
993,HUARONG INT FIN,1000
995,ANHUIEXPRESSWAY,2000
996,CARNIVAL GROUP,10000
997,CHINLINK INTL,10000
998,CITIC BANK,1000
999,I.T,2000
1000,BEIJING MEDIA,500
1001,HK SH ALLIANCE,2000
1002,V.S. INT'L,4000
1003,HUANXI MEDIA,10000
1004,C SMARTERENERGY,2000
1005,MATRIX HOLDINGS,2000
1006,CHANGSHOUHUA,1000
1007,DAQING DAIRY,1000
1008,BRILLIANT CIR,2000
1009,INT'L ENT,2000
1010,PACRAY INT'L,2000
1011,NT PHARMA,500
1013,WAI CHUN GROUP,2000
1019,CONVOY,6000
1020,SINOREF HLDGS,4000
1021,MIDAS HLDGS-S,1000
1022,FEIYU,1500
1023,SITOY GROUP,1000
1026,UNIVERSAL TECH,10000
1027,CHINA JICHENG,10000
1028,C.BANNER,1000
1029,IRC,2000
1030,FUTURE LAND,2000
1031,KINGSTON FIN,2000
1033,SINOPEC SSC,2000
1035,BBI LIFE SCI,1500
1036,VANKE PPT OVS,1000
1037,MAXNERVA TECH,2000
1038,CKI HOLDINGS,1000
1039,FORTUNET E-COMM,1000
1041,CH NEW ENGY PWR,10000
1043,COSLIGHT TECH,2000
1044,HENGAN INT'L,500
1045,APT SATELLITE,500
1046,UNIVERSE INT'L,5000
1047,NGAI HING HONG,2000
1048,NOVO GROUP,1000
1049,CELESTIAL ASIA,6000
1050,KARRIE INT'L,2000
1051,G-RESOURCES,3000
1052,YUEXIUTRANSPORT,2000
1053,CHONGQING IRON,2000
1055,CHINA SOUTH AIR,2000
1057,ZHEJIANG SHIBAO,2000
1058,GUANGDONG TANN,2000
1059,KANTONE HOLDING,3000
1060,ALI PICTURES,10000
1061,ESSEX BIO-TECH,1000
1063,SUNCORP TECH,10000
1064,ZHONG HUA INT'L,5000
1065,TIANJIN CAPITAL,2000
1066,WEIGAO GROUP,4000
1068,YURUN FOOD,1000
1069,CA LOW-CARBON,20000
1070,TCL MULTIMEDIA,2000
1071,HUADIAN POWER,2000
1072,DONGFANG ELEC,200
1073,CHINA AGROTECH,2000
1075,CAPINFO,6000
1076,IMPERIAL PAC,20000
1079,PINE TECH,2000
1080,SHENGLI PIPE,1500
1082,HK EDU INTL,8000
1083,TOWNGAS CHINA,1000
1085,HXTL,2000
1086,GOODBABY INTL,1000
1087,HL TECHNOLOGY,1000
1088,CHINA SHENHUA,500
1089,LEYOU TECH H,5000
1090,DA MING INT'L,2000
1091,CITIC DAMENG,1000
1093,CSPC PHARMA,2000
1094,C P PROCUREMENT,4000
1096,SINO ENERGY INT,2000
1097,I-CABLE COMM,1000
1098,ROAD KING INFRA,1000
1099,SINOPHARM,400
1100,MAINLAND HOLD,2000
1101,HUARONG ENERGY,2000
1102,ENVIRO ENERGY,2000
1103,DASHENG AGR FIN,8000
1104,APAC RESOURCES,20000
1105,SING TAO,2000
1106,SINO HAIJING,20000
1107,MODERN LAND,2000
1108,LUOYANG GLASS,2000
1109,CHINA RES LAND,2000
1110,KINGWORLD,4000
1111,CHONG HING BANK,1000
1112,BIOSTIME,500
1113,CK PROPERTY,500
1114,BRILLIANCE CHI,2000
1115,TIBET WATER,1000
1116,MAYER HOLDINGS,4000
1117,CH MODERN D,1000
1118,GOLIK HOLDINGS,10000
1120,ARTS OPTICAL,2000
1121,BAOFENGMODERN,2000
1122,QINGLING MOTORS,2000
1123,CHINA-HK PHOTO,2000
1124,COASTAL GL,2000
1125,LAI FUNG HOLD,20000
1126,DREAM INT'L,2000
1127,1010 PRINTING,4000
1128,WYNN MACAU,400
1129,WATER INDUSTRY,4000
1130,CHINA ENV RES,4000
1131,AGRITRADE RES,5000
1132,ORANGE SKY G H,5000
1133,HARBIN ELECTRIC,2000
1135,ASIA SATELLITE,500
1136,TCC INT'L HOLD,2000
1137,HKTV,1000
1138,CHINA SHIP DEV,2000
1139,VICTORY GROUP,16000
1141,SKYWAY SEC,10000
1142,SIBERIAN MINING,10000
1143,CH HCARE ENT,4000
1145,COURAGEMARINE,1000
1146,CH OUTFITTERS,2000
1148,POWER XINCHEN,1000
1149,ANXIN-CHINA,4000
1150,MILAN STATION,2000
1151,ELEC & ELTEK,500
1152,INFINITY FIN,2000
1155,CENTRON TELECOM,1000
1157,ZOOMLION,200
1159,JIMEI INT ENT,500
1161,WATER OASIS GP,2000
1163,DEJIN RES,10000
1164,CGN MINING,5000
1165,SFCE,2000
1166,SOLARTECH INT'L,20000
1168,SINOLINK HOLD,2000
1169,HAIER ELEC,1000
1170,KINGMAKER,2000
1171,YANZHOU COAL,2000
1172,MIDAS INT'L,20000
1173,VEEKO INT'L,20000
1174,PACIFIC ANDES,2000
1175,FU JI CATERING,10000
1176,ZHUGUANG HOLD,2000
1177,SINO BIOPHARM,1000
1178,VITOP GROUP,10000
1180,PARADISE ENT,4000
1181,TANG PALACE,2000
1182,SUCCESS DRAGON,10000
1184,S.A.S. DRAGON,2000
1185,CHINA ENERGINE,2000
1186,CHINA RAIL CONS,500
1187,HAN TANG INTL,2000
1188,HYBRID KINETIC,2000
1189,ROSEDALE HOTEL,10000
1190,BOLINA,2000
1191,YUESHOU ENV,20000
1192,TITAN PETROCHEM,20000
1193,CHINA RES GAS,2000
1194,C PRECIOUSMETAL,2000
1195,KINGWELL GROUP,4000
1196,REALORD GROUP,2000
1197,CHINA HENGSHI,2000
1198,ROYALE FURN,2000
1199,COSCO PACIFIC,2000
1200,MIDLAND HOLDING,2000
1201,TESSON HOLDINGS,3000
1202,CHENGDU PUTIAN,2000
1203,GUANGNAN (HOLD),2000
1205,CITIC RESOURCES,2000
1206,TECHNOVATOR,2000
1207,SRE GROUP,2000
1208,MMG,4000
1210,CHRISTINE,2000
1211,BYD COMPANY,500
1212,LIFESTYLE INT'L,500
1213,MOBICON GROUP,2000
1215,KAI YUAN HLDGS,20000
1218,EASYKNIT INT'L,1000
1219,TENWOW INT'L,1000
1220,ZHIDAO INT'L,30000
1221,SINO HOTELS,2000
1222,WANG ON GROUP,20000
1223,SYMPHONY HOLD,10000
1224,C C LAND,1000
1225,LERADO FIN,20000
1228,SUPERB SUMMIT,5000
1229,NAN NAN RES,2000
1230,YASHILI INT'L,1000
1231,NEWTON RES,2000
1232,GW TIANDI,2000
1233,TIMES PPT,1000
1234,CHINA LILANG,1000
1235,TRAVEL EXPERT,5000
1236,NATIONAL AGRI,2000
1237,MERRY GARDEN,10000
1238,POWERLONG,1000
1239,JIN BAO BAO H,20000
1240,CNQC INT'L,2500
1241,SHUANGHUA H,2000
1243,WANG ON PPT,4000
1245,NIRAKU,2000
1246,NGAISHUN HOLD,20000
1247,MIKO INTL,2000
1249,TONLY ELEC,1000
1250,BE CLEAN ENERGY,20000
1251,SPT ENERGY,2000
1252,CHINA TIANRUI,1000
1253,BROADGREENSTATE,4000
1255,S. CULTURE,2000
1258,CHINFMINING,1000
1259,CH CHILD CARE,1000
1260,WONDERFUL SKY,2000
1262,LABIXIAOXIN,1000
1263,PC PARTNER,2000
1265,TIANJINJINRAN,10000
1266,XIWANG STEEL,1000
1268,MEIDONG AUTO,2000
1269,FIRST CAP GP,2000
1270,LANGHAM-SS,500
1271,GRAND MING,1000
1273,HK FINANCE GP,4000
1277,KINETIC M&E,2000
1278,CHINANEWTOWN,2500
1280,HUIYIN SMARTCOM,2000
1281,LONG JI TAI HE,1000
1282,CHINA GOLDJOY,4000
1285,JIASHILI GP,1000
1288,ABC,1000
1289,SUNLIT SCI,500
1290,CHINA HUIRONG,2000
1292,CMA LOGISTICS,1000
1293,BAOXIN AUTO,500
1296,GUODIAN TECH,1000
1297,SINOSOFT TECH,2000
1298,TECHCOMP,1000
1299,AIA,200
1300,TRIGIANT,2000
1301,D&G TECH,2000
1302,LIFETECH SCI,2000
1303,HUILI RES,2000
1305,WAI CHI HOLD,1000
1308,SITC,1000
1310,HKBN,500
1312,ALLIED CEMENT,6000
1313,CHINARES CEMENT,2000
1314,TSUI WAH HLDG,2000
1315,VISION FAME,2000
1316,NEXTEER,1000
1317,MAPLELEAF EDU,2000
1318,GREENS HOLDINGS,2000
1319,OIWAHPAWN,8000
1321,CHINA NEWCITY,2000
1322,CW GROUP HOLD,500
1323,NEWTREE GROUP,2000
1326,PEGASUS ENT,8000
1327,TIME2U,2000
1328,INT'L ELITE,10000
1329,CAPITAL JUDA,2000
1330,DYNAGREEN ENV,1000
1332,CHINA OPTO,10000
1333,CHINA ZHONGWANG,400
1335,SHEEN TAI,2000
1336,NCI,100
1338,BAWANG GROUP,2000
1339,PICC GROUP,1000
1340,HUISHENG INTL,2000
1341,CLEAR LIFT,8000
1345,PIONEER PHARM,1000
1347,HUA HONG SEMI,1000
1348,QUALI-SMART,2000
1349,FUDANZHANGJIANG,1000
1353,NUOQI,1000
1355,LEGEND STRAT,2000
1358,PW MEDTECH,1000
1359,CHINA CINDA,1000
1360,MEGAEXPO HLDG,5000
1361,361 DEGREES,1000
1362,SIS MOBILE,4000
1363,CTEG,2000
1365,GREENLAND RD,1000
1366,JIANGNAN GP,2000
1367,HANBO ENT HLDGS,4000
1368,XTEP INT'L,500
1369,WUZHOU INT'L,2000
1370,HENGSHIMINING,1000
1371,CHINA LOTSYN,20000
1372,EXCEL DEV,2000
1373,IH RETAIL,1000
1375,CC SECURITIES,1000
1378,CHINAHONGQIAO,500
1380,CHI KINGSTONE,10000
1381,CANVEST ENV,1000
1382,PACIFICTEXTILES,1000
1383,SUNCENTURY GP,10000
1385,SHANGHAI FUDAN,2000
1386,WALKER GROUP,1000
1387,RENHE COMM,2000
1388,EMBRY HOLDINGS,1000
1389,MAJOR HLDGS,4000
1393,HIDILI INDUSTRY,1000
1395,ELL ENV,5000
1396,HYDOO INTL,2000
1397,BAGUIO GREEN,4000
1398,ICBC,1000
1399,SCUD GROUP,2000
1400,WANG TAI HLDG,5000
1415,COWELL,1000
1418,SINOMAX GROUP,2000
1419,HUMAN HEALTH,2000
1420,CHUAN HOLDING,4000
1421,KINGBO STRIKE,5000
1428,BRIGHT SMART,2000
1430,SUCHUANG GAS,2000
1431,YST DAIRY,1000
1432,CHINA SHENGMU,1000
1438,NIRVANA ASIA,1000
1439,CH PACK DEV,5000
1443,FULUM GP HLDG,2000
1446,HUNGFOOKTONG,2000
1447,SFK,2000
1448,FU SHOU YUAN,1000
1450,CENTURY SAGE,2000
1452,DENOX ENV,1000
1456,GUOLIAN SEC,500
1459,JUJIANG CONS,2000
1461,LUZHENG FUTURES,1000
1462,GOLD-FIN HLDG,4000
1466,MAN SANG JEWEL,2000
1468,UKF,10000
1469,GET NICE FIN,4000
1470,TIC TAC INT'L,4000
1476,HENGTOU SEC,1000
1478,Q TECH,1000
1480,YAN TAT GROUP,2000
1483,U BANQUET GP,2000
1486,C CHENG HLDGS,2000
1488,L&M HANDBAGS,2000
1492,ZHONGDI DAIRY,2000
1495,JIYIHOUSEHOLD,2000
1496,AP RENTALS,4000
1498,PURAPHARM,500
1499,LEAP HLDGS GP,10000
1500,INCON,5000
1508,CHINA RE,1000
1509,HARMONICARE,1000
1513,LIVZON PHARMA,100
1515,PHOENIXHEALTH,500
1520,RUNWAY GLOBAL,6000
1522,C CITYRAILTEC,4000
1527,TENGY ENV,200
1528,RS MACALLINE,200
1530,3SBIO,500
1532,CHINA PARTYTIME,3000
1533,ZHUANGYUAN PA,500
1538,ZHONG AO HOME,2000
1543,JOIN-SHARE,2000
1548,GENSCRIPT BIO,2000
1555,MIE HOLDINGS,2000
1556,CHINNEY KW,5000
1557,K.H. GP HLDGS,4000
1558,HEC PHARM,200
1561,MANFIELD CHEM,4000
1565,VIRSCEND EDU,1000
1566,CHINA ANIMATION,1000
1568,SUNDART HLDGS,2000
1570,WEIYE HOLDINGS,1000
1578,BANK OF TIANJIN,500
1585,YADEA,2000
1588,CHANJET,200
1599,UCD,1000
1600,TIAN LUN GAS,1500
1613,SYNERTONE,8000
1616,SILVERMAN HL,2000
1618,MCC,1000
1619,TIANHE CHEM,2000
1622,REDCO PPT,2000
1623,HILONG,1000
1626,JIA YAO HLDGS,2000
1628,YUZHOU PPT,1000
1636,CMRU,4000
1638,KAISA GROUP,1000
1639,AKM INDUSTRIAL,10000
1661,WISDOM SPORTS,1000
1662,YEE HOP HLDGS,4000
1663,S HARBOURHOLD,2000
1666,TONG REN TANG,1000
1668,CHINASOUTHCITY,2000
1669,GIC GROUP,2000
1673,HUAZHANG TECH,2000
1678,CREATIVE GLOBAL,2000
1680,MACAU LEGEND,1000
1681,CONSUN PHARMA,1000
1682,HIGHLIGHT IOT,4000
1683,LC GROUP,4000
1685,BOER POWER,1000
1689,HUAXIHOLDINGS,2000
1698,BOSHIWA INT'L,1000
1699,PUTIAN FOOD,4000
1700,SPRINGLAND,1000
1708,SAMPLE TECH,1000
1717,AUSNUTRIA,1000
1718,WAN KEI GROUP,5000
1728,ZHENGTONGAUTO,500
1733,WINSWAY-NEW,1000
1738,FS ANTHRACITE,2500
1766,CRRC,1000
1768,BRACELL,500
1771,SUNFONDA GP,1000
1776,GF SEC,200
1777,FANTASIA,1500
1778,COLOUR LIFE,1000
1786,CRCCE,500
1788,GUOTAI JUNAN I,1000
1798,DATANG RENEW,1000
1799,XINTE ENERGY,400
1800,CHINA COMM CONS,1000
1803,ASR LOGISTICS,2500
1808,ENTERPRISE DEV,2000
1811,CGN NEW ENERGY,2000
1812,CHENMING PAPER,500
1813,KWG PROPERTY,500
1816,CGN POWER,1000
1818,ZHAOJIN MINING,500
1819,FUGUINIAO,600
1822,HONGDA FIN,30000
1823,HUAYUEXPRESSWAY,2000
1828,DCH HOLDINGS,1000
1829,CMEC,1000
1830,PERFECT SHAPE,4000
1831,SHIFANG HLDG,1000
1833,INTIME,500
1836,STELLA HOLDINGS,500
1838,CHINAPROPERTIES,1000
1848,CALC,500
1856,ERNEST BOREL,1000
1858,CHUNLI MEDICAL,200
1862,JINGRUI HLDGS,1000
1863,CHI LONGEVITY,1000
1866,CHINA XLX FERT,1000
1868,NEO-NEON,2000
1878,SOUTHGOBI-S,50
1880,BELLE INT'L,1000
1882,HAITIAN INT'L,1000
1883,CITIC TELECOM,1000
1884,EPRINT GROUP,4000
1886,HUIYUAN JUICE,500
1888,KB LAMINATES,500
1889,WUYI PHARMA,2500
1893,SINOMA,1000
1898,CHINA COAL,1000
1899,XINGDA INT'L,1000
1900,CHINA ITS,1000
1908,C&D INTL GROUP,4000
1910,SAMSONITE,300
1913,PRADA,100
1918,SUNAC,1000
1919,CHINA COSCO,500
1928,SANDS CHINA LTD,400
1929,CHOW TAI FOOK,200
1938,CHU KONG PIPE,1000
1958,BAIC MOTOR,500
1963,BCQ,500
1966,CHINA SCE PPT,1000
1968,PEAK SPORT,1000
1970,IMAX CHINA,100
1972,SWIREPROPERTIES,200
1979,TEN PAO GROUP,4000
1980,TIANGE,1000
1982,NAMESON HLDGS,2000
1986,TSAKER CHEM,500
1988,MINSHENG BANK,500
1991,TA YANG GROUP,2000
1993,ASIARAY,500
1998,FLYKE INT'L,2000
1999,MAN WAH HLDGS,400
2000,SIM TECH,2000
2002,SUNSHINE PAPER,500
2005,SSY GROUP,2000
2006,JINJIANG HOTELS,2000
2007,COUNTRY GARDEN,1000
2008,PHOENIX TV,2000
2009,BBMG,1000
2010,REAL NUTRI,1000
2011,KEE,2000
2012,SUNSHINE OIL,500
2014,OZNER WATER,1000
2016,CZBANK,1000
2018,AAC TECH,500
2020,ANTA SPORTS,1000
2023,CHINA LUDAO,4000
2028,JOLIMARK,2000
2030,CABBEEN,1000
2033,TIME WATCH,2000
2038,FIH,1000
2039,CIMC,100
2066,SHENGJINGBANK,500
2068,CHALIECO,1000
2078,PANASIALUM,1000
2080,AUX INTL,2000
2083,NATURE HOME,1000
2086,ADVANCED CARD,8000
2088,XIWANG PROPERTY,2000
2098,ZALL GROUP,3000
2099,CHINAGOLDINTL,100
2100,BAIOO,2000
2111,BEST PACIFIC,2000
2112,CAA RESOURCES,2000
2118,TIAN SHAN DEV,2000
2120,KN HOSPITAL,100
2121,FIRST CHEM,1000
2123,GOLDEN SHIELD,4000
2128,CHINA LESSO,1000
2133,CH POLYMETAL,1000
2138,UM HEALTHCARE,1000
2168,YINGDE GASES,500
2178,PETRO-KING,1000
2183,LIFESTYLE PPT,2000
2186,LUYE PHARMA,500
2188,TITANS ENERGY,2000
2193,MAN KING HOLD,4000
2196,FOSUN PHARMA,500
2198,CHINA SANJIANG,1000
2199,REGINA MIRACLE,1000
2200,HOSA INT'L,2000
2202,CHINA VANKE,100
2208,GOLDWIND,200
2211,UNI HEALTH,1000
2212,FB MINING-NEW,20000
2213,YI HUA HLDG,2000
2218,ANDRE JUICE,500
2221,NEW CONCEPTS,4000
2222,NVC LIGHTING,1000
2223,CASABLANCA,2000
2226,HONWORLD GP,500
2228,CECEP COSTIN,3000
2229,CG DUNXIN,2000
2233,WESTCHINACEMENT,2000
2236,WISON ENGRG,1000
2238,GAC GROUP,2000
2239,SMIT,1000
2255,HAICHANG HLDG,1000
2268,YOUYUAN HLDGS,1000
2277,CHUN SING ENG,5000
2280,HC INTL,2000
2282,MGM CHINA,400
2283,TK GROUP HLDG,2000
2286,CHEN XING,1000
2288,RYKADAN CAPITAL,1000
2289,CHUANGMEIPHAR,500
2298,COSMO LADY,1000
2299,BILLION IND,2000
2300,AMVIG HOLDINGS,2000
2302,CNNC INT'L,1000
2303,HENGXING GOLD,2000
2307,KAM HING INT'L,2000
2308,EVOC,4000
2309,BIRMINGHAM INTL,2000
2310,FOREBASE INTL,2000
2313,SHENZHOU INTL,1000
2314,LEE & MAN PAPER,1000
2317,VEDAN INT'L,4000
2318,PING AN,500
2319,MENGNIU DAIRY,1000
2320,HOP FUNG GROUP,2000
2322,NOBLE CENTURY,8000
2323,TOPSEARCH INT'L,2000
2326,BEP INT'L HOLD,10000
2327,U-HOME HOLDINGS,6000
2328,PICC P&C,2000
2329,GUORUI PPT,1000
2330,CHINA UPTOWN,4000
2331,LI NING,500
2333,GREATWALL MOTOR,500
2336,HAILIANG INTL,10000
2338,WEICHAI POWER,1000
2339,BWI INT'L,4000
2340,SYNERGIS HOLD,4000
2341,ECOGREEN,2000
2342,COMBA,2000
2343,PACIFIC BASIN,1000
2345,SHANGHAI PRIME,2000
2348,DAWNRAYS PHARMA,4000
2349,CH CITY INFRA,4000
2355,BAOYE GROUP,2000
2356,DAHSING BANKING,400
2357,AVICHINA,1000
2358,JIU RONG HOLD,10000
2362,JINCHUAN INTL,1000
2366,SMI CULTURE,5000
2368,EAGLE NICE,2000
2369,COOLPAD GROUP,4000
2371,C CHUANGLIAN ED,4000
2378,PRU,500
2379,ZHONGTIAN INT'L,5000
2380,CHINA POWER,1000
2382,SUNNY OPTICAL,1000
2383,TOM GROUP,2000
2386,SINOPEC SEG,500
2388,BOC HONG KONG,500
2389,BJ ENT M&H,6000
2393,YESTAR INTL,2500
2398,GOOD FRIEND,2000
2399,FORDOO,1000
2468,TRONY SOLAR,1000
2488,LAUNCH TECH,500
2588,BOC AVIATION,100
2600,CHALCO,2000
2601,CPIC,200
2607,SH PHARMA,100
2608,SUNSHINE 100,1000
2618,TCL COMM,1000
2623,CH ZHONGSHENG,2000
2628,CHINA LIFE,1000
2638,HKELECTRIC-SS,500
2662,FITTEC,2000
2666,UNI MEDICAL,500
2668,PAK TAK INT'L,10000
2669,CHINA OVS PPT,5000
2678,TEXHONG TEXTILE,500
2686,AAG ENERGY,1000
2688,ENN ENERGY,2000
2689,ND PAPER,1000
2698,WEIQIAO TEXTILE,500
2699,XINMING CHINA,2000
2700,GREEN INTL HLDG,20000
2722,CHONGQING M&E,2000
2727,SH ELECTRIC,2000
2728,YUHUA ENERGY,4000
2738,HUAJIN INTL,2000
2768,JIAYUAN INTL,2000
2777,R&F PROPERTIES,400
2788,YORKEY OPTICAL,2000
2789,YUANDA CHINA,2000
2799,CHINA HUARONG,1000
2866,CSCL,1000
2868,BJ CAPITAL LAND,2000
2877,SHINEWAY PHARM,1000
2878,SOLOMON SYSTECH,2000
2880,DALIAN PORT,2000
2882,HKRH,4000
2883,CHINA OILFIELD,2000
2886,BINHAI INV,2000
2888,STANCHART,50
2889,NRI HOLDINGS,2000
2898,LONGRUN TEA,10000
2899,ZIJIN MINING,2000
2944,FB MINING-OLD,40000
2969,NGAISHUN HOLD,800
2973,WINSWAY-OLD,50
2974,NEPTUNE GP-OLD,1000
2975,IMAGI INT'L-OLD,1600
2978,REGENT PACIFIC,1000
2979,PETRO-KING RTS,1000
2980,CMMB VISION,4000
3300,CHINA GLASS,2000
3301,RONSHINECHINA,500
3303,JUTAL OIL SER,2000
3308,GOLDEN EAGLE,1000
3311,CHINA STATE CON,2000
3313,ARTGO HOLDINGS,1000
3315,GOLDPAC GROUP,1000
3318,CHINA FLAVORS,2000
3322,WIN HANVERKY,2000
3323,CNBM,2000
3326,PERFECT GROUP,3000
3328,BANKCOMM,1000
3330,LINGBAO GOLD,2000
3331,VINDA INT'L,1000
3332,SINOLIFE UTD,2000
3333,EVERGRANDE,1000
3335,DBA TELECOM,4000
3336,JU TENG INTL,2000
3337,ANTON OILFIELD,2000
3339,LONKING,1000
3344,ADDCHANCE,2000
3355,ASMC,2000
3360,FE HORIZON,1000
3363,ZHENGYE INT'L,2000
3366,OCT (ASIA),2000
3368,PARKSON GROUP,500
3369,QHD PORT,500
3377,SINO-OCEAN GP,500
3378,XIAMEN PORT,2000
3380,LOGAN PPT,2000
3382,TIANJINPORT DEV,2000
3383,AGILE PROPERTY,2000
3386,DONGPENG HLDG,1000
3389,HENGDELI,4000
3393,WASION GROUP,2000
3396,LEGENDHOLDING,100
3398,CHINA TING,2000
3399,YUEYUN TRANS,1000
3600,MODERN DENTAL,1000
3606,FUYAO GLASS,400
3608,YONGSHENG MAT,2500
3618,CQRC BANK,1000
3623,C SUCCESS FIN,2000
3626,HSSP INTL,2000
3628,RENHENG ENT,4000
3633,ZHONGYU GAS,2000
3636,POLY CULTURE,100
3638,GOLDENMARS,12000
3639,YIDA CHINA,2000
3663,XIEZHONG INTL,4000
3666,XIAO NAN GUO,2000
3668,CHINALCO-CMC,2000
3669,YONGDA AUTO,500
3678,HOLLY FUTURES,1000
3683,GREAT HARVEST,2500
3688,TOP SPRING,500
3698,HUISHANG BANK,1000
3699,WANDA COMM,100
3708,YAT SING HLDG,5000
3709,KORADIOR,1000
3737,ZHONGZHIPHARM,1000
3773,NNK,2000
3777,C FIBER OPTIC,2000
3778,CHINA WEAVING,4000
3788,CHINA HANKING,1000
3799,DALI FOODS,500
3800,GCL-POLY ENERGY,1000
3808,SINOTRUK,500
3813,POU SHENG INT'L,1000
3816,KFM KINGDOM,4000
3818,CHINA DONGXIANG,1000
3822,SAM WOO CONS,4000
3823,TECH PRO,2000
3828,MING FAI INT'L,1000
3833,XINXIN MINING,1000
3836,HARMONY AUTO,500
3838,CHINA STARCH,5000
3839,CT ENTERPRISE,500
3866,BQD,500
3868,QX PAPER,1000
3882,SKYLIGHT HLDG,1000
3883,CHINA AOYUAN,1000
3886,TOWN HEALTH,2000
3888,KINGSOFT,1000
3889,GLOBAL SWEET,2000
3898,CRRC TIMES ELEC,500
3899,CIMC ENRIC,2000
3900,GREENTOWN CHINA,500
3903,HANHUA FIN,2000
3908,CICC,400
3918,NAGACORP,2000
3933,UNITED LAB,2000
3939,WANGUO MINING,2000
3948,YITAI COAL,100
3963,RONGZHONG FIN,1000
3966,CH BAOFENG INTL,6000
3968,CM BANK,500
3969,CHINA CRSC,1000
3983,CHINA BLUECHEM,2000
3988,BANK OF CHINA,1000
3989,CAPITAL ENV,2000
3993,CMOC,3000
3996,CH ENERGY ENG,2000
3998,BOSIDENG,2000
3999,DACHAN FOOD,1000
4601,BOC 2014 PREF,20000
4603,ICBC USDPREF1,10000
4604,ICBC EURPREF1,10000
4605,BOCOM 15USDPREF,10000
4606,CCB 15USDPREF,10000
6030,CITIC SEC,500
6108,NEW RAY MEDIC,8000
6116,LA CHAPELLE,200
6118,AUSTAR,1000
6123,ON TIME LOG,2000
6128,EARTHASIA,2000
6133,VITAL MOBILE,1000
6136,KANGDA ENV,1000
6138,HARBIN BANK,1000
6139,JINMAO INV-SS,500
6161,TARGET INS,2000
6166,CHINA VAST,1000
6168,CHINA U-TON,5000
6183,CH GREENFRESH,1000
6188,BJ DIGITAL,500
6196,BANKOFZHENGZHOU,1000
6198,QINGDAO PORT,1000
6808,SUNART RETAIL,500
6818,CEB BANK,1000
6822,KING'S FLAIR,4000
6823,HKT-SS,1000
6826,HAOHAI BIOTEC,100
6828,BLUE SKY PWR,8000
6830,HUAZHONG IN-V,2000
6833,SINCO PHARMA,4000
6836,TIANYUN INT'L,2000
6837,HAITONG SEC,400
6838,WINOX,2000
6839,YUNNAN WATER,1000
6863,HUISHAN DAIRY,1000
6865,FLAT GLASS,1000
6866,ZUOLI M-FIN,2000
6868,TENFU,1000
6869,YOFC,500
6878,DIFFER GROUP,2000
6880,TEMPUS HOLD,2000
6881,CGS,500
6882,EGL HOLDINGS,2000
6886,HTSC,200
6888,FREETECH,1000
6889,DYNAM JAPAN,200
6893,HINSANG GROUP,2000
6896,GOLDEN THROAT,500
6898,CHINA ALUMCAN,2000
6899,OURGAME,1000
80737,HOPEWELL INFR-R,500
84602,ICBC CNHPREF1-R,10000
